{"cameraMode":{"drawMode":0,"name":"Shaded","section":"Shading Mode"},"sceneLighting":false,"audioPlay":false,"sceneViewState":{"m_AlwaysRefresh":false,"showFog":true,"showSkybox":false,"showFlares":true,"showImageEffects":true,"showParticleSystems":true,"showVisualEffectGraphs":true,"m_FxEnabled":true},"in2DMode":false,"pivot":{"x":25.68313217163086,"y":6.4863362312316898,"z":-32.65772247314453},"rotation":{"x":0.0021775036584585907,"y":0.9238649010658264,"z":0.005257197190076113,"w":-0.382677286863327},"size":17.515792846679689,"orthographic":false}