{"cameraMode":{"drawMode":0,"name":"Shaded","section":"Shading Mode"},"sceneLighting":false,"audioPlay":false,"sceneViewState":{"m_AlwaysRefresh":false,"showFog":false,"showSkybox":false,"showFlares":false,"showImageEffects":false,"showParticleSystems":false,"showVisualEffectGraphs":true,"m_FxEnabled":true},"in2DMode":false,"pivot":{"x":-0.000048995018005371094,"y":0.8936522006988525,"z":0.02567341923713684},"rotation":{"x":-0.005149733275175095,"y":0.9834927916526794,"z":-0.02834111824631691,"w":-0.17866043746471406},"size":1.4067161083221436,"orthographic":false}